year,value
1960,1037.72899231615
1961,1077.10464038579
1962,1087.79362228726
1963,1153.23486916692
1964,1229.36998908154
1965,1286.16625407866
1966,1404.83811121824
1967,1498.01049644544
1968,1657.18854005249
1969,1856.48418780744
1970,2001.04656436772
1971,2170.9646968132
1972,2286.93666830827
1973,2583.31158461691
1974,2784.47241806545
1975,2955.1963902217
1976,3294.13497099216
1977,3644.59385270464
1978,3986.99777854343
1979,4270.07298916474
1980,4139.9606854608
1981,4377.64026742067
1982,4675.53053701243
1983,5227.53893142287
1984,5712.63984757483
1985,6105.74268983951
1986,6740.69941617276
1987,7535.12660432782
1988,8367.04656522944
1989,8878.29655251462
1990,9672.57845182894
1991,10618.8431439122
1992,11176.560685871
1993,11837.4692053797
1994,12817.2447824958
1995,13924.3044000347
1996,14894.3278834104
1997,15682.2717905189
1998,14800.5091573641
1999,16402.9168341094
2000,17763.1353417297
2001,18460.4288193829
2002,19775.3800655139
2003,20278.0406421178
2004,21244.8136800528
2005,22123.7613066851
2006,23162.1860111297
2007,24391.7651013448
2008,24934.5396367691
2009,25009.9148311999
2010,26623.0487122927
2011,27393.455357272
2012,27944.0564190045
2013,28732.711152033
2014,29470.6732991655
2015,30171.7906545222
2016,31005.4072876388
2017,31979.9027302467
2018,32852.8887488942
2019,33496.3113815643
2020,33215.9298928108
2021,34792.9397214598
2022,35809.0138105144
2023,36347.7036392553
2024,37048.4264001496
2025,37469.6600233386
