year,value
1960,53.8279849467163
1961,53.6116552912545
1962,53.3669242232297
1963,53.1350733386488
1964,52.9208941202541
1965,52.7623370624779
1966,52.6451177767988
1967,52.5598559771132
1968,52.5291950411097
1969,52.5566929644744
1970,52.6658997950091
1971,52.8172964612149
1972,52.9807101551667
1973,53.171790776158
1974,53.4031504691461
1975,53.7291270617355
1976,54.122259878163
1977,54.5161387835934
1978,54.890552262367
1979,55.2345456473297
1980,55.5310366992506
1981,55.770471831893
1982,56.0801586218835
1983,56.4906085125024
1984,56.9131126102125
1985,57.3397578457563
1986,57.7628011881237
1987,58.1819752488803
1988,58.6039285581027
1989,59.019641821867
1990,59.4446281977293
1991,59.8804189887237
1992,60.3171566258682
1993,60.7650977512954
1994,61.2189737568908
1995,61.691086297672
1996,62.1855667903155
1997,62.6716120286193
1998,63.1333922225308
1999,63.5687326073937
2000,63.9724828499464
2001,64.3418728091219
2002,64.6746398300324
2003,64.9727698598633
2004,65.2407532431661
2005,65.4804181532591
2006,65.7028972351691
2007,65.9178448359424
2008,66.200153590565
2009,66.5575162732695
2010,66.9098375689868
2011,67.2385009847645
2012,67.5506129393903
2013,67.8629529763027
2014,68.1990081161611
2015,68.5188387624971
2016,68.6855786915971
2017,68.7322045337867
2018,68.7066114748183
2019,68.5155348426091
2020,68.2662379795384
2021,68.1089016969559
2022,68.0907133995488
2023,68.1592433612863
2024,68.2669114485188
2025,68.4061556592084
