{"E1a_pass": false, "E1b_pass": false, "commit_sha": "0d9a503f1743396fbd50b29de0575a1e1d231287", "t1_years": 45.0, "parameter_set": "volatile", "N": 100, "seeds": {"obs": 4502, "ensemble": 4503, "truth": 4501, "free": 4504, "e1b": 4505}, "pass": {"tauA_updated": false, "rmse_xi_p": false, "sigma_s_coverage": true, "rank_histogram": false, "rmse_xi_g": true, "rmse_xi_k": false, "e1b_theta_sig": false, "sigma_s_correlation": true, "rmse_xi_tau": false}, "generated_at": "2026-07-07T12:40:03", "experiment": "E1_twin", "results": {"rmse_ratio_xi_k": 0.941607475040472, "rmse_ratio_xi_p": 1.0017164469091542, "rank_chi2_critical": 16.918977604620448, "rmse_ratio_xi_tau": 0.6153588291331387, "theta_sig_relative_error": 0.598171259877339, "tauA_err_assim": 0.2627536646431236, "theta_sig_posterior_mean": 4.794513779632017, "rmse_ratio_xi_g": 0.33723492727944004, "tauA_err_free": 0.0402013918005383, "theta_sig_true": 3.0, "sigma_s_coverage": 0.8333703621417463, "rank_chi2": 236.13530655391122, "sigma_s_correlation": 0.8743052034694673}}