{"E1a_pass": false, "E1b_pass": false, "commit_sha": "9216ce74ef6059e5e05db37f842251f2ede12d45", "t1_years": 45.0, "parameter_set": "volatile", "N": 100, "seeds": {"obs": 4502, "ensemble": 4503, "truth": 4501, "free": 4504, "e1b": 4505}, "pass": {"tauA_updated": false, "rmse_xi_p": false, "sigma_s_coverage": false, "rank_histogram": false, "rmse_xi_g": false, "rmse_xi_k": false, "e1b_theta_sig": false, "sigma_s_correlation": false, "rmse_xi_tau": false}, "generated_at": "2026-07-07T12:12:05", "experiment": "E1_twin", "results": {"rmse_ratio_xi_k": 18.2015981177272, "rmse_ratio_xi_p": 1.0415082941297564, "rank_chi2_critical": 16.918977604620448, "rmse_ratio_xi_tau": 0.8125139553317987, "theta_sig_relative_error": Inf, "tauA_err_assim": 0.35552155326442003, "theta_sig_posterior_mean": Inf, "rmse_ratio_xi_g": 0.6896399488126141, "tauA_err_free": 0.0402013918005383, "theta_sig_true": 3.0, "sigma_s_coverage": 0.9868918018218173, "rank_chi2": 358.82029598308674, "sigma_s_correlation": 0.3975183791529579}}